<?xml version="1.0" encoding="UTF-8"?>
<project-private xmlns="http://www.netbeans.org/ns/project-private/1">
    <editor-bookmarks xmlns="http://www.netbeans.org/ns/editor-bookmarks/2" lastBookmarkId="0"/>
    <open-files xmlns="http://www.netbeans.org/ns/projectui-open-files/2">
        <group>
            <file>file:/C:/Users/madsk/OneDrive/Documents/NetBeansProjects/Project3/src/project3/DVD.java</file>
            <file>file:/C:/Users/madsk/OneDrive/Documents/NetBeansProjects/Project3/src/project3/Main.java</file>
            <file>file:/C:/Users/madsk/OneDrive/Documents/NetBeansProjects/Project3/src/project3/BookStore.java</file>
            <file>file:/C:/Users/madsk/OneDrive/Documents/NetBeansProjects/Project3/src/project3/Product.java</file>
            <file>file:/C:/Users/madsk/OneDrive/Documents/NetBeansProjects/Project3/src/project3/Book.java</file>
            <file>file:/C:/Users/madsk/OneDrive/Documents/NetBeansProjects/Project3/src/project3/CD.java</file>
        </group>
    </open-files>
</project-private>
